Var1,Var2,Var3,Var4,Var5,Var6,Var7
Shifted Rosenbrock,GA,2,3.86410224864131,10.1547193127947,0.000269439194288051,29.6377228494731
Shifted Rosenbrock,PSO,2,0.368221627726449,1.13563259244992,4.02447893740411e-08,4.40933833004231
Shifted Rosenbrock,SA,2,13778.5638895604,40722.9032470871,1.31078064075514,152177.242337306
Rotated Hybrid Composition,GA,2,4.9048673420034e-10,5.55626726950264e-10,4.32226750007756e-13,2.05797453857142e-09
Rotated Hybrid Composition,PSO,2,1.15152560235044e-11,1.74714177073149e-11,5.70561942505813e-15,6.5399567681601e-11
Rotated Hybrid Composition,SA,2,0.0745276639647456,0.0622407966642175,0.00080002867103051,0.215710383310305
Shifted Rotated Elliptic,GA,2,1.14975432354502e-05,2.6788482130595e-05,2.13331397875955e-09,8.45180576106987e-05
Shifted Rotated Elliptic,PSO,2,1.84559818227395e-10,5.9662400754498e-10,3.8229629394832e-16,2.3224056794536e-09
Shifted Rotated Elliptic,SA,2,4963.84024540652,3375.89104869772,153.602813195541,9826.4834832916
Shifted Rosenbrock,GA,10,16.2579027526139,22.180627550111,3.48860158498416,86.072157334619
Shifted Rosenbrock,PSO,10,170.990971561579,381.253126326166,1.90647477120597,1491.54456072452
Shifted Rosenbrock,SA,10,302809343.467804,397048828.610658,3619640.15224367,1473808789.43116
Rotated Hybrid Composition,GA,10,0.0027418813236415,0.00214198457756249,9.67295524391407e-05,0.00824041515971649
Rotated Hybrid Composition,PSO,10,0.00031480778873199,0.000658462433325662,1.48822341475771e-06,0.00250866971189322
Rotated Hybrid Composition,SA,10,2665.80593409283,2202.80828376959,346.831353515189,6305.95902643794
Shifted Rotated Elliptic,GA,10,167.347847115064,329.458158151895,4.49562875226984,1178.69878439754
Shifted Rotated Elliptic,PSO,10,20.2607943382249,47.4322257484556,0.124175110612061,180.194169959553
Shifted Rotated Elliptic,SA,10,60412632.6024454,59992531.928681,1693497.07558556,198898961.358792
